size,mean,sigma
58,951.062,683.746
47,917.055,699.383
61,976.092,997.489
22,844.309,621.286
71,766.107,2052.73
49,900.251,1718.4
45,828.797,2080.72
91,911.053,10978.7
63,794.232,2719.66
91,835.232,2002
43,798.182,1249
40,761.191,1007.77
77,630.169,3118.75
36,773.222,1735.12
27,845.776,1218.87
96,952.885,1952.26
40,919.925,3494.82
41,878.542,1620.77
20,962.892,1984.41
22,899.859,718.694
80,977.54,862.811
26,917.114,861.663
40,803.288,3320.72
67,891.778,2557.53
255,1006.44,965.851
22,931.463,2045.76
46,1001.19,1570.57
66,1117.78,1320.8
31,1053.68,979.629
44,1119.85,908.254
92,1097.23,3944.34
31,885.19,15298.5
187,1102.02,3558.5
26,1056.19,1171.93
46,1006.9,878.74
70,1089.18,2219.37
54,1131.95,839.919
47,1072.64,867.501
82,1029.2,2093.99
49,1135.05,1195.26
70,1069.09,899.874
32,980.999,5673.12
29,1156.79,1325.07
39,1022.42,4038.6
89,1128.69,1663.36
47,1044.88,1163.57
43,1073.77,646.1
77,1031.35,1023.91
130,1074.26,1078.22
108,1038.75,1729.05
24,1080.73,757.202
91,1031.59,800.109
40,1010.58,2059.91
49,1113.04,1210.8
28,1000.22,1841.31
30,1140.37,1386.85
72,1023.33,3920.89
37,1144.85,1904.29
27,1005.21,2615.12
36,1092.45,674.891
22,995.385,1422.23
28,1047.99,694.923
24,995.769,504.134
112,1044.3,900.021
50,980.589,985.218
57,1032.62,1107.63
182,999.142,1616.53
25,935.938,2339.69
58,1018.86,880.229
136,960.522,5514.07
172,1060.37,1135.83
102,1016.83,1515.95
34,973.036,1451.6
28,935.406,3598.47
40,1030.08,1998.63
56,1062.5,1635.73
25,976.879,2992.01
44,788.506,2084.39
52,750.658,2823.18
92,881.217,2160.36
27,987.558,794.689
40,1059.77,799.85
100,1093.26,2992.19
30,929.81,5380.97
80,1022,5853.48
30,1126.04,1017.52
33,988.679,6093.34
70,865.072,4562.84
75,1043.86,2972.37
28,991.911,2958.76
32,1102.78,3166.44
39,1148.84,1599.62
22,1091.64,912.189
55,918.179,8624.31
83,837.266,1777.84
233,944.204,3135.07
28,867.49,846.957
87,680.772,3125.72
53,849.907,5926.82
28,1071.43,1884
111,1015.27,1544.08
45,906.254,3828.39
103,1035.2,1407.23
114,938.982,2125.28
20,854,415.804
22,998.581,1631.32
23,885.716,4237.78
61,1005.51,1799.19
66,964.402,825.017
25,869.606,1287.19
157,965.318,1543.36
106,950.078,1876.48
29,873.73,4498.08
66,810.478,3115.05
66,982.482,3947.7
26,1041.77,878.557
35,1100.45,1698.72
54,1061.78,1891.55
66,1009,1741.31
30,1092.19,1727.49
187,999.185,10469.8
52,942.91,3010.02
61,990.012,1133.48
31,843.055,11908.3
170,937.711,3071.1
75,879.064,1843.2
39,990.827,1664.49
126,945.438,2189.44
63,901.787,629.48
61,852.46,1786.5
93,935.401,1139.98
75,888.959,1333.34
25,949.376,1007.71
187,910.52,965.685
26,871.395,245.273
33,914.064,694.275
35,752.21,5554.51
129,866.462,763.377
20,978.908,2217.22
21,912.202,731.817
33,941.526,359.038
37,824.748,1934.63
47,765.753,1816.1
178,895.542,592.252
25,745.976,2745.88
32,848.856,1466.33
30,933.596,689.223
26,865.986,1917.42
72,738.825,1351.08
111,846.58,1490.44
68,765.38,1618.35
103,871.967,703.97
20,834.767,971.952
324,897.249,1297.87
131,917.798,492.501
66,878.182,568.184
46,821.502,5045.44
21,905.879,759.741
34,821.003,752.33
57,763.597,1260.57
34,842.373,756.382
48,906.577,2649.08
46,863.283,1182.08
88,787.505,2543.74
22,828.481,1589.8
131,873.633,3643.21
46,804.332,1021.22
56,833.148,1035.23
45,930.21,955.51
28,831.195,1999.81
31,891.635,1707.89
177,995.852,1339.31
20,939.064,813.373
115,1030.3,1569.98
77,1000.2,1811.79
318,1021.92,1406.3
35,842.571,5916.46
24,1020.84,3071.09
32,1057.86,416.826
38,969.342,1352.52
48,1018.24,1651.16
58,885.373,2909.09
66,776.084,8079.62
69,949.164,1194.84
25,864.375,1845.68
108,1015.19,1724.81
185,989.021,1866.39
23,1013.93,443.68
24,934.2,276.774
42,1010.05,1066.76
45,951.564,623.087
21,929.688,250.225
36,985.529,1494.87
21,930.06,997.83
138,985.282,1046.12
29,948.546,512.333
30,979.949,537.434
36,849.463,2237.33
84,917.912,1643.08
189,832.215,5840.35
36,1024.31,1418.66
423,992.83,2033.36
44,927.923,2100.01
27,994.503,1186.97
39,940.106,1337.43
65,1003.76,1429.02
22,785.351,5919.96
30,930.47,464.511
54,876.303,1254.65
37,906.864,2212.63
30,1018.26,3527.02
35,904.532,3443.77
32,1027.1,1697.14
38,983.965,1194.1
41,932.738,1339.35
59,1002.38,1088.69
59,964.117,783.184
39,904.279,2475.22
26,996.095,401.601
45,950.522,4644.21
54,846.644,7340.96
38,1024.88,1091.52
20,869.141,1245.6
116,923.021,932.216
28,881.976,1014.26
22,926.848,1183.19
30,796.494,2097.75
25,895.955,1864.29
39,1027.85,1856.15
36,1110.24,1317.59
70,1067.41,787.536
23,910.036,1706.95
602,994.421,2880.85
64,981.569,614.957
53,945.609,1096.2
33,1004.5,820.314
53,975.974,619.38
65,816.228,4131.51
118,991.347,2334.26
270,930.683,5298.01
45,984.203,1929.53
85,1027.85,1695.08
25,968.126,411.612
43,1008.54,955.705
80,967.091,844.748
110,1006.54,1317.57
35,981.185,526.574
33,954.311,1000.01
75,790.418,5586.16
644,1020.53,2061.39
43,952.581,977.706
76,1057.46,1439.96
146,1013.86,1376.24
99,835.67,3172.55
47,953.293,1726.27
27,917.125,1059.61
142,963.799,1647.06
39,906.652,3906.13
67,1050.84,1887.24
22,983.016,692.866
44,1021.66,1586.52
20,762.89,9446.15
87,917.79,2400.26
23,819.295,833.944
24,705.079,1036.23
28,572.824,1501.27
46,586.396,479.451
22,635.098,1226.29
30,802.571,4106.62
44,955.434,796.514
60,807.863,1596.21
87,708.407,3323.11
45,816.113,3541.58
66,695.893,1472.28
38,745.191,4556.43
72,761.669,2944.27
26,736.759,936.885
36,678.31,592.591
24,632.831,579.485
54,664.881,406.451
36,606.156,1753.32
24,650.066,228.102
26,609.498,133.209
22,562.087,1771.6
52,596.946,822.807
26,712.603,613.072
47,822.924,1724.78
34,933.109,2543.97
57,890.695,3702.9
65,962.983,708.199
53,970.796,1537.2
32,1003.66,913.487
25,960.313,518.416
39,985.578,1530.89
42,1057.38,1731.21
70,953.06,1656.98
42,994.607,811.278
26,972.658,489.498
24,1000.33,257.283
38,966.901,681.026
38,1025.91,745.969
53,970.668,1525.65
50,1013.59,2505.67
23,1071.67,780.38
57,994.519,1484.38
25,1032.81,320.449
138,1011.99,913.373
32,969.666,2889.57
45,1038.72,624.111
27,1002.03,913.612
20,930.848,1160.17
73,758.977,7622.27
56,835.08,3446.75
59,860.856,2976.04
494,881.422,2186.77
59,845.68,2866.79
30,964.845,2023.62
133,922.564,7111.5
27,857.951,780.546
55,825.423,1182.78
42,832.913,1810.25
38,879.133,1037.04
35,847.991,949.062
27,828.48,1177.11
23,776.123,817.893
72,809.09,4046.55
37,712.952,1582.14
60,773.974,3267.13
26,737.704,3481.67
39,633.312,4500.32
26,689.554,2510.07
59,751.252,3795.14
20,660.127,4149.88
27,556.464,2187.65
26,639.762,5087.11
32,711.62,2822.2
49,803.792,472.167
37,859.851,2747.38
41,805.652,3561.14
243,731.31,1660.96
304,666.687,2140.39
50,625.738,5446.21
57,649.739,726.434
54,735.128,1148.8
34,696.505,696.071
51,728.488,1621.55
111,792.581,4830.62
61,603.814,1019.78
26,684.192,704.816
27,739.609,3443.24
31,771.261,452.789
34,715.139,407.419
34,788.176,3326.37
98,695.63,2664.11
39,775.995,2468.15
55,734.287,3051.58
33,775.898,2459.64
30,673.858,1679.19
28,565.636,3762.64
28,634.907,1392.82
31,570.072,3185.4
24,614.704,464.741
76,679.368,5362.84
29,736.733,2747.55
20,615.096,1500.64
43,664.353,2563.21
46,752.397,3175.67
45,662.315,1300.11
22,639.865,4337.34
37,578.127,342.477
27,657.47,720.861
21,626.143,697.662
28,614.263,725.491
54,687.302,2716.87
68,579.094,1882.55
91,756.526,1004.04
111,791.362,1124.08
256,684.348,2648.75
32,646.597,2929.03
32,626.128,3764.43
24,683.841,4117.67
64,566.972,2137.03
41,678.121,3402.48
124,736.688,2472.34
83,704.684,1452.46
28,865.468,5588.06
22,818.23,1196.78
36,706.004,3922.48
46,921.707,2030.42
22,799,5546.37
99,707.795,1718.6
34,761.804,2581.23
96,643.099,2654.68
53,603.423,3302.85
82,724.064,2790.15
20,669.287,346.879
22,700.228,1661.39
41,604.921,1448.54
47,529.936,600.38
38,623.82,5610.75
55,660.704,1657.69
29,819.443,2009.41
71,878.259,1420.03
59,825.426,470.752
20,870.07,649.246
24,675.591,2092.99
20,626.827,702.758
48,586.015,792.669
46,637.975,530.479
53,554.015,2170.64
46,675.065,3559.53
35,708.685,3438.74
50,749.518,2287.87
84,714.246,1760.31
85,678.986,1487.03
41,739.093,769.895
27,822.629,1069.59
21,760.028,656.927
43,779.68,448.269
73,739.469,4234.61
122,762.47,813.034
28,785.436,255.377
73,797.101,635.933
33,713.127,1068.79
36,751.955,1054.6
234,767.057,1491.76
1187,832.338,1368.24
34,878.908,526.187
44,848.553,588.885
23,806.757,929.479
29,776.968,4804.14
20,727.97,207.244
76,776.199,1766.84
77,823.865,4379.38
47,756.38,1270.87
33,798.77,854.583
29,739.746,892.335
113,813.818,2615.5
25,688.588,2223.16
26,657.847,2363.98
23,707.811,902.288
35,736.05,2313.3
107,675.115,1548.2
36,688.785,997.962
24,725.262,1208.28
21,774.926,473.811
51,889.094,1706.56
190,822.593,2296.67
31,872.23,2061.08
23,810.123,207.691
32,852.573,1620.06
41,982.662,788.902
133,953.009,1679.39
21,935.642,676.895
49,888.757,1992.02
21,968.751,817.895
101,931.966,1480.51
58,858.943,1564.56
96,932.593,2344.12
47,891.467,3174.58
38,948.604,559.612
58,837.247,2305.27
55,946.592,1256.37
67,869.276,2099.64
194,935.713,1825.99
53,961.415,1228.46
34,820.393,2474.8
64,898.334,1647.12
28,821.501,624.832
39,939.906,1121.58
116,888.699,1801.07
44,959.517,1635.99
24,770.185,1517.52
37,869.512,2359.56
115,975.545,1693.45
20,864.064,7146.83
49,914.86,1178.09
20,871.876,1165.4
21,954.242,874.543
60,857.684,2209.85
68,778.19,4860.56
46,819.062,2680.66
133,912.574,2619.62
55,948.865,643.867
31,917.155,3461.12
168,835.575,3775.35
96,758.605,3338.62
67,839.552,2166.32
105,775.104,2538.68
33,801.506,2073.87
122,752.308,1167.33
34,858.457,513.324
94,894.283,490.558
22,813.21,1958.37
34,893.706,909.167
183,860.956,1158.85
56,710.101,1033.6
45,790.023,2372.51
35,742.436,981.656
30,776.043,279.219
33,726.559,1162.43
126,854.168,4952.16
89,805.811,1525.33
25,726.252,2810.05
86,800.186,1310.01
26,746.749,893.676
73,833.54,4587.24
53,741.553,2256.15
27,690.272,592.384
40,733.657,742.502
28,816.686,1747.32
25,729.062,730.995
34,852.483,3039.74
54,749.568,885.415
60,818.838,1241.33
29,754.582,1336.29
30,665.795,2826.98
35,700.481,1060.85
128,731.077,1712.92
26,589.668,5829.34
22,659.173,1143.96
39,617.974,1477.86
28,765.069,1347
40,856.642,383.551
22,745.03,1218.02
42,801.968,3426.95
24,741.65,621.502
36,831.816,1257.26
30,917.189,520.243
426,929.487,831.918
63,897.447,315.98
55,935.654,458.835
36,891.061,502.015
32,944.338,428.241
25,915.626,264.484
34,877.988,743.576
102,908.625,411.89
412,957.348,1001.07
99,767.061,4871.2
37,877.819,3490.22
23,949.391,1797.06
32,987.794,484.105
38,956.622,384.988
22,999.645,1107.21
155,1033.52,1265.07
59,963.984,1224.94
105,1063.16,1680.33
58,999.327,1169.9
41,1036.97,488.347
29,995.421,442.578
35,1017.86,781.097
62,1044.45,604.292
44,982.068,1267.78
76,1024.98,835.01
30,960.369,1192.51
20,993.752,408.609
24,939.455,977.928
151,999.345,1124.08
21,688.6,5121.15
253,762.336,4822.05
213,618.933,5260.43
29,939.658,1564.64
42,1062.5,2024.55
22,937.856,1607.13
51,1042.66,3550.79
20,945.174,775.559
79,790.463,6466.43
744,990.362,857.405
118,951.507,1577.07
166,1000.71,1043.75
47,983.379,577.534
215,1005.13,504.443
20,929.934,460.557
50,977.657,742.416
226,996.445,857.454
74,977.824,664.239
34,910.077,2556.76
54,682.437,1169.49
50,547.658,811.754
37,597.341,198.694
21,698.661,400.203
60,844.793,1776.23
34,877.758,1098.18
20,923.439,466.461
45,863.196,728.605
22,809.306,265.418
21,915.18,862.339
47,871.511,580.67
29,828.127,344.388
53,724.499,976.914
87,591.032,3257.38
25,706.564,3759.26
20,919.532,366.83
37,990.711,552.173
131,1015.03,709.524
441,986.716,1095.69
29,926.725,2037.77
20,696.094,2562.82
43,733.468,593.535
26,664.965,690.055
82,574.378,1410.11
45,725.349,8593.6
93,958.083,1473.84
41,911.015,1287.44
140,936.051,1848.24
38,878.685,1178.26
49,943.719,322.926
27,983.219,510.376
27,889.758,790.325
41,964.559,558.741
54,895.111,648.592
27,929.978,457.691
26,875.003,463.864
89,768.284,3992.7
23,881.455,2006.77
109,805.478,1948.68
176,735.141,2542.56
64,754.101,4912.75
41,934.261,1214.48
400,1016.39,1018.53
68,997.359,1704.62
56,955.079,664.192
71,1008.47,602.929
28,958.708,573.547
120,992.735,996.76
22,940.697,1329.25
37,1027.24,392.054
51,989.431,834.503
32,971.681,499.128
23,1033.29,722.477
25,1000.94,327.146
81,988.235,636.473
72,1009.66,759.065
77,927.254,2774.28
38,985.198,636.061
29,943.428,443.15
232,977.387,1059.47
61,934.748,1796.15
76,972.966,352.272
22,848.368,2985.82
26,959.737,745.513
29,838.296,2998.85
30,913.74,1098.87
21,724.09,874.522
27,840.633,5283.21
42,931.177,935.594
67,990.44,1168.6
23,879.417,2157.46
48,1016.77,337.597
293,980.03,1111.23
172,1030.25,940.594
55,1062.64,609.192
24,1029.3,516.126
181,1050.8,540.927
142,1070.14,511.671
218,1060.67,394.637
216,1045.83,346.082
80,1060.84,387.359
112,1073.38,367.446
35,1057.81,503.348
81,1038.97,559.235
82,1015.91,329.203
93,1006.97,534
226,993.226,372.729
143,1006.39,383.104
51,1018.08,262.43
130,1030.65,395.186
90,1002.08,2434.26
41,1050.5,534.373
20,1027.35,112.411
30,1016.93,231.896
29,779.096,5526.33
84,1037.14,10156.2
66,1007.7,4260.25
56,915.604,6209.96
498,999.295,3295.04
257,969.299,1382.05
23,860.735,2567.12
33,1046.64,928.825
102,970.972,1239.31
50,1038.13,1062.83
40,975.196,512.973
60,924.48,1671.05
58,909.888,437.35
21,841.52,2057.68
85,1010.96,4158.63
39,983.264,5736.54
280,1015.24,2227.04
26,850.362,5506.37
40,1044.34,1203.22
144,1076.03,2385.06
40,901.368,8879.09
42,1086.68,1756.03
78,1042.14,1916.51
21,911.831,2796.24
368,1050.04,1490.56
67,1002.22,8350.37
64,1056.15,1342.58
33,1016.34,485.885
54,792.892,5765.58
23,942.936,1883.42
35,989.063,546.455
40,921.096,2506.54
31,1026.72,414.078
197,1009.72,1563.97
35,943.975,3545.4
46,1019.19,943.181
161,981.902,1800.09
35,975,200.347
30,950.783,1393.93
23,840.694,1629.8
31,1007.06,416.492
45,939.758,6673.99
126,971.975,1405.54
98,958.866,268.736
36,987.848,441.002
72,1004.12,484.791
176,987.306,373.622
37,963.894,187.711
45,782.454,3829.93
20,940.626,1293.95
38,876.028,2277
45,914.063,285.747
43,926.964,168.23
24,914.064,339.667
20,829.688,1918.51
63,942.09,223.736
31,924.144,285.624
123,969.63,1187.34
80,946.29,216.906
28,793.328,2218.35
39,955.329,1059.93
308,924.895,451.103
73,938.572,961.833
124,956.465,498.374
72,925.782,226.93
61,913.423,181.673
75,901.876,166.984
28,886.163,87.8621
92,895.212,122.263
107,905.886,264.144
79,921.382,542.046
20,937.109,80.1218
93,959.091,222.123
46,936.312,203.366
44,908.026,121.673
49,893.974,223.771
174,871.634,123.704
35,889.733,171.519
21,860.864,138.056
96,874.594,220.196
35,888.617,126.908
63,901.415,132.747
22,891.692,54.0579
110,917.473,130.519
100,937.267,487.612
129,953.793,263.247
85,851.959,5018.04
38,705.813,2430.48
58,920.988,8940.61
33,967.568,1575.94
42,944.011,675.672
41,817.647,1585.76
88,925.516,2928.23
24,843.751,2531.66
23,946.672,242.243
243,897.121,588.172
131,877.029,729.232
25,852.189,442.109
33,926.374,408.345
58,881.197,785.456
45,746.233,3624.67
21,1027.9,534.524
37,966.64,883.828
22,943.538,505.362
37,1004.68,2538.36
23,974.526,189.853
136,937.903,464.162
30,903.648,359.192
35,935.046,900.353
28,775.113,1077.61
21,870.165,5208.94
61,955.688,491.808
36,917.32,301.281
39,787.538,6995.92
180,939.975,3549.93
193,968.508,525.734
566,937.321,1406.58
69,924.694,732.611
122,938.014,1744.01
102,922.106,364.344
222,904.069,916.529
21,750.076,882.923
32,673.896,3477.35
22,1004.62,387.439
37,941.513,551.405
70,914.845,350.56
36,903.864,149.351
144,934.246,306.886
37,792.02,2418.85
72,909.289,8970.51
22,995.03,427.517
38,951.071,345.365
73,966.076,349.61
24,809.246,3162.72
45,1012.85,657.921
44,968.574,342.055
25,759.064,2531.28
43,928.599,7921.78
30,1012.5,958.004
47,811.248,6758.84
600,941.349,2625.86
518,905.452,2339.12
154,930.044,2351.56
35,975.223,288.941
60,942.058,426.822
25,963.751,192.679
21,926.34,357.48
26,767.43,782.793
118,937.369,2167
38,893.711,3060.18
191,944.332,2299.07
293,963.445,1907.55
348,993.468,975.108
22,861.507,3500.35
701,975.304,3271.76
49,768.496,4210.65
28,1039.62,6672.81
55,973.297,2537.88
36,930.991,2655.87
81,1001.93,740.864
37,917.442,2327.97
186,1001.6,1837.73
55,948.723,1986.49
51,993.261,195.334
24,981.121,233.091
23,878.059,3510.96
47,1016.79,543.953
37,938.978,952.26
238,964.615,2606.02
36,761.72,5613.48
44,1036.58,598.327
86,975.292,2017.58
26,881.611,3856.01
35,985.492,467.242
26,892.128,4580.15
48,961.102,2679.07
90,954.341,371.596
30,981.772,325.55
25,950.001,122.091
38,880.347,4154.02
36,992.623,257.908
66,921.876,4420.75
28,976.564,366.214
35,786.983,4177.61
41,1063.26,1311.66
105,987.427,1290.55
891,995.443,5202.24
94,882.315,5759.34
20,994.534,148.397
146,934.451,1190.69
51,915.902,1544.45
102,957.721,960.042
97,696.106,3607.07
23,751.752,1049.36
39,973.76,1251.21
53,1015.63,1734.83
33,988.164,935.067
80,1028.25,1106.67
39,1000.2,1296.1
28,1044.37,199.168
60,1022.14,250.702
94,1009.82,529.02
21,1028.65,136.269
22,883.169,7199.06
38,1068.26,299.164
22,961.649,6155.09
216,1037.47,3172.96
72,1015.95,1969.34
46,1001.36,190.713
40,823.576,3804.41
98,987.485,1031.59
22,971.237,159.206
47,929.019,1507.71
101,970.144,1284.64
42,940.291,2360.57
41,990.855,469.665
120,948.113,6142.31
27,1009.26,328.828
26,916.167,1858.23
29,801.772,8781.73
27,1092.3,911.05
157,1012.34,2547.93
50,1050.31,546
29,814.387,4706.96
32,1091.31,986.215
29,896.552,5870.91
266,1038.42,1827.69
36,1082.9,391.563
46,1064.88,455.385
39,819.568,6917.12
71,1099.8,936.817
83,996.518,7102.86
41,1076.98,706.665
59,1055.35,562.56
38,809.624,11535.3
29,1084.86,2828.21
126,1033.05,2321.42
21,1029.02,159.565
28,904.02,5017.68
276,1050.67,2519.26
26,1094.95,301.251
618,1071.35,822.451
263,1063.62,543.368
56,1044.78,309.595
34,1084.56,1388.88
103,1052.87,370.042
33,1036.22,243.442
427,1053.43,419.777
34,1037.23,292.457
72,1051.87,440.684
20,1030.47,352.759
285,1019.24,9020.06
47,1097.24,636.407
43,1071.4,536.496
20,1032.42,1267.38
30,1097.4,318.806
37,1061.02,321.59
32,1079.59,1726.44
455,1054.02,849.211
30,846.616,4287.21
22,1150.92,1809.99
71,1068,448.859
356,1090.77,898.805
59,1058.53,339.636
157,1073.65,431.314
46,1056.73,394.524
34,875,13579.7
40,1140.63,1877.97
42,1095.98,483.221
35,951.118,5505.11
295,1122.51,911.107
23,1001.36,11539.2
22,866.479,10666.4
20,1208.99,1759.58
29,1168.37,599.823
291,1122.93,3123.02
196,1119.36,662.335
32,904.22,8854.06
22,1144.18,2933.92
42,1104.54,815.672
22,1083.81,535.824
271,1106.84,2520.4
259,1101.68,543.15
42,883.015,15793
27,1017.36,1555.59
171,1040.53,788.423
39,987.782,1631.21
27,1074.36,485.293
23,1046.2,360.177
38,963.201,6667.43
22,1113.99,509.563
113,1057.94,744.113
22,1036.93,483.526
193,1079.22,507.744
24,1109.38,323.782
40,1068.17,266.033
147,1104.06,471.566
35,1092.41,285.393
34,1062.27,2517.13
24,1118.49,348.505
25,1089.69,560.08
201,1119.79,903.517
38,937.913,6928.09
25,1193.13,3898.66
141,1102.23,1260.36
384,1113.4,911.856
72,1093.86,628.395
47,1030.59,4335.64
234,1098.36,1528.44
433,1115.11,994.704
39,1095.15,497.512
123,1140.93,1206.13
60,1051.82,496.485
33,799.717,7090.69
41,1181.97,1865.37
34,1125.23,634.351
31,1007.31,3018.95
231,1062.13,1315.3
33,980.352,1335.63
29,865.689,10437.1
31,1173.89,829.93
22,1129.62,259.603
44,1105.47,1369.76
93,1030.74,2826.44
26,1048.98,17214.5
29,1154.9,963.815
100,1115.47,4729.43
25,842.814,3460.24
26,1093.94,5161.52
94,1046.49,2487.38
63,1113.1,783.269
28,1064.17,1037
30,1097.14,865.825
189,1112.03,796.2
21,1082.96,619.308
28,826.07,3668.8
27,1100.41,1519.84
26,1047.78,553.369
35,1008.04,655.18
107,1049.65,1034.45
46,1083.22,399.329
94,1056.93,508.778
21,1079.24,782.938
172,1076.22,1836.64
55,1038.07,1449.14
32,817.628,6456.36
73,1095.25,886.139
33,1070.55,978.428
101,1041.31,1268.74
72,1016.39,708.622
52,874.287,10115.8
35,1093.97,2507.78
114,1053.25,1064.66
20,1012.89,740.594
28,1044.64,333.891
311,1060.52,1760.11
29,884.68,13071.8
25,1110.63,603.626
88,1084.07,917.623
28,1065.01,262.452
103,1093.6,775.469
97,1059.4,2567.6
47,777.8,11932.9
147,718.116,2187.17
89,769.314,1591.93
32,677.54,697.465
30,762.158,3001.07
32,670.609,3217.53
31,667.437,324.637
84,728.435,3417.26
23,771.813,713.694
50,702.574,2274.27
22,659.802,161.155
50,616.528,883.954
33,627.425,5282.1
26,707.934,630.237
25,621.292,410.329
26,644.985,1458.42
24,567.708,73.0101
23,555.334,633.823
80,516.478,397.148
56,619.225,988.87
36,649.69,2134.47
126,732.835,1893.06
41,693.98,210.279
23,666.781,203.149
47,722.446,1135.68
47,570.829,2215.29
44,655.304,1564.33
33,696.231,854.077
33,613.874,259.511
80,681.322,6284.39
52,561.244,3709.15
39,753.523,1277.3
37,854.942,642.71
52,926.233,283.414
26,854.591,689.206
83,906.157,426.506
33,934.187,274.778
38,903.578,188.963
132,925.486,789.642
25,916.876,223.19
34,877.299,738.099
21,924.109,147.354
65,934.016,299.505
49,897.164,181.446
23,916.781,253.072
25,865.935,794.062
34,948.071,565.527
45,892.883,362.402
27,914.932,161.199
60,947.007,372.609
25,911.117,715.137
36,854.386,394.648
25,810.313,465.548
45,887.854,649.687
29,922.954,264.725
32,908.119,327.161
22,863.977,1036.05
32,792.242,5969.62
21,829.568,2477.38
20,778.882,2871.8
35,740.09,2418.37
39,658.655,353.83
44,627.045,340.839
50,664.918,738.517
36,532.987,1744.26
83,448.329,1255.04
64,442.505,111.158
29,470.04,1249.03
22,510.814,2699.74
30,640.423,2365.99
40,596.208,420.197
26,627.927,406.869
26,683.122,2151.24
22,884.601,3279.74
60,661.484,2904.32
106,704.57,2598.32
30,659.368,448.97
41,688.582,946.854
31,722.747,1500.22
23,759.508,1027.8
99,690.409,465.541
23,672.217,185.777
100,710.746,453.669
22,683.595,97.3405
56,700.939,700.001
42,725.492,1032.3
48,819.337,918.403
22,921.521,479.418
67,893.891,1638.97
73,748.044,4831.99
57,855.96,2166.39
33,830.257,359.61
20,785.72,749.397
186,839.446,977.828
30,741.514,3312.28
46,898.099,1722.37
64,861.086,1060.75
75,879.376,272.582
42,857.144,578.473
41,889.674,275.242
28,846.542,321.977
26,771.938,494.161
20,714.366,1005.13
40,771.855,2810.06
42,881.14,1853.48
21,676.712,1895.03
37,786.53,936.045
28,725.801,406.954
102,679.315,1691.66
108,749.096,596.137
88,803.623,868.777
48,775.794,379.505
58,807.248,199.987
125,763.348,1227.76
77,740.607,544.652
25,779.688,172.895
29,834.323,524.808
63,857.99,1298.14
52,786.446,2791.06
30,693.238,425.757
25,737.814,280.152
20,699.838,572.316
28,654.526,1384.09
33,706.289,1651.24
25,666.251,104.387
78,639.219,1015.43
25,685.918,377.092
23,721.664,1487.06
51,621.531,2248.07
21,661.46,172.926
54,678.852,316.761
29,704.427,654.69
23,649.954,213.535
75,664.16,643.072
23,672.217,108.096
38,679.713,518.559
38,605.081,661.643
53,623.146,757.41
35,665.18,305.667
21,696.802,138.07
88,718.461,908.479
37,675.785,3152.7
56,651.122,2599.23
61,664.861,737.674
66,720.475,1024.75
107,776.144,3287.23
40,749.416,430.011
48,709.051,527.942
64,674.439,1308.02
43,722.514,492.268
63,706.91,391.29
31,677.501,487.97
49,654.306,262.407
21,716.601,131.665
38,682.236,1211.79
110,740.627,736.655
21,704.626,289.705
37,675.219,268.236
28,661.245,340.11
49,734.345,1522.52
22,672.586,231.992
59,729.874,457.144
63,801.588,1914.8
47,749.835,1198.11
41,822.533,2094.98
43,734.844,1127.5
173,721.98,890.244
32,819.581,414.881
92,795.108,875.549
27,765.337,438.926
34,721.958,455.566
58,743.029,402.311
38,722.594,448.836
41,782.29,624.626
70,808.246,2547.59
139,799.723,1588.27
25,865.626,2843.39
25,754.064,850.012
35,813.617,420.59
52,852.162,1723.59
37,792.761,998.644
91,760.496,2971.24
51,817.113,935.849
54,737.515,327.809
20,696.486,348.716
34,765.166,317.91
79,835.508,1887.06
55,717.076,675.92
24,761.069,413.566
42,710.99,2318.61
39,715.513,355.901
33,752.963,2338.69
32,784.424,570.408
67,703.703,762.474
21,752.452,395.497
48,902.868,3756.55
101,813.097,1014.05
33,732.719,365.262
24,821.29,495.228
27,900.464,1622.56
73,810.002,695.368
32,781.812,355.553
40,804.884,655.739
115,832.277,1751.98
27,765.915,166.602
82,791.208,716.481
44,848.901,394.443
21,816.967,565.012
72,889.758,594.111
57,842.791,3361.39
38,817.436,648.035
68,760.227,2629.47
21,706.103,88.3687
38,664.777,2720.94
35,727.297,793.078
22,832.779,2379.14
68,962.892,1478.28
51,845.622,2751.98
56,818.264,480.226
35,792.189,625.433
26,832.333,523.564
41,865.665,177.679
27,812.114,392.963
22,867.647,1410.51
29,816.019,1550.08
57,784.325,634.044
29,873.654,811.147
23,810.803,776.593
21,857.516,1342.15
22,796.62,395.251
40,833.175,280.049
34,777.754,2332.83
43,824.492,434.092
25,798.751,357.482
128,912.294,949.866
45,738.896,2002.27
59,690.831,809.235
27,711.807,231.612
198,787.087,1578.06
40,847.658,456.949
22,799.008,297.48
55,832.265,740.753
56,772.342,2418.63
36,809.867,1154.14
35,787.503,178.798
41,835.368,2033.63
38,951.759,5474.37
33,690.816,2048.73
25,807.188,171.481
20,880.86,538.871
92,926.717,856.961
50,883.752,1558.64
32,807.132,2313.16
32,931.642,574.878
40,952.54,461.32
420,873.528,6813.54
54,991.755,1958.69
28,856.622,2446.59
21,900.146,364.212
96,833.093,829.888
35,795.9,1107.37
31,830.647,502.021
23,874.32,1525.39
21,817.338,1315.13
63,867.933,521.187
36,914.664,1267.85
45,866.474,1166.44
39,838.944,2475.53
33,875.646,1792.05
32,815.675,1397.38
24,779.298,240.146
41,853.468,1790.69
92,773.119,1562.6
75,753.647,704.925
60,789.454,762.263
43,844.842,990.52
36,779.732,1189.12
41,799.057,1509.35
27,848.533,1901.85
105,772.01,1815.6
262,847.487,1829.74
24,787.436,307.717
76,828.158,1384.15
40,742.064,2205.83
76,621.962,5399.73
