segment,start,finish,mean,sigma
1,1,58,951.062,683.746
2,59,105,917.055,699.383
3,106,166,976.092,997.489
4,167,188,844.309,621.286
5,189,259,766.107,2052.73
6,260,308,900.251,1718.4
7,309,353,828.797,2080.72
8,354,444,911.053,10978.7
9,445,507,794.232,2719.66
10,508,598,835.232,2002
11,599,641,798.182,1249
12,642,681,761.191,1007.77
13,682,758,630.169,3118.75
14,759,794,773.222,1735.12
15,795,821,845.776,1218.87
16,822,917,952.885,1952.26
17,918,957,919.925,3494.82
18,958,998,878.542,1620.77
19,999,1018,962.892,1984.41
20,1019,1040,899.859,718.694
21,1041,1120,977.54,862.811
22,1121,1146,917.114,861.663
23,1147,1186,803.288,3320.72
24,1187,1253,891.778,2557.53
25,1254,1508,1006.44,965.851
26,1509,1530,931.463,2045.76
27,1531,1576,1001.19,1570.57
28,1577,1642,1117.78,1320.8
29,1643,1673,1053.68,979.629
30,1674,1717,1119.85,908.254
31,1718,1809,1097.23,3944.34
32,1810,1840,885.19,15298.5
33,1841,2027,1102.02,3558.5
34,2028,2053,1056.19,1171.93
35,2054,2099,1006.9,878.74
36,2100,2169,1089.18,2219.37
37,2170,2223,1131.95,839.919
38,2224,2270,1072.64,867.501
39,2271,2352,1029.2,2093.99
40,2353,2401,1135.05,1195.26
41,2402,2471,1069.09,899.874
42,2472,2503,980.999,5673.12
43,2504,2532,1156.79,1325.07
44,2533,2571,1022.42,4038.6
45,2572,2660,1128.69,1663.36
46,2661,2707,1044.88,1163.57
47,2708,2750,1073.77,646.1
48,2751,2827,1031.35,1023.91
49,2828,2957,1074.26,1078.22
50,2958,3065,1038.75,1729.05
51,3066,3089,1080.73,757.202
52,3090,3180,1031.59,800.109
53,3181,3220,1010.58,2059.91
54,3221,3269,1113.04,1210.8
55,3270,3297,1000.22,1841.31
56,3298,3327,1140.37,1386.85
57,3328,3399,1023.33,3920.89
58,3400,3436,1144.85,1904.29
59,3437,3463,1005.21,2615.12
60,3464,3499,1092.45,674.891
61,3500,3521,995.385,1422.23
62,3522,3549,1047.99,694.923
63,3550,3573,995.769,504.134
64,3574,3685,1044.3,900.021
65,3686,3735,980.589,985.218
66,3736,3792,1032.62,1107.63
67,3793,3974,999.142,1616.53
68,3975,3999,935.938,2339.69
69,4000,4057,1018.86,880.229
70,4058,4193,960.522,5514.07
71,4194,4365,1060.37,1135.83
72,4366,4467,1016.83,1515.95
73,4468,4501,973.036,1451.6
74,4502,4529,935.406,3598.47
75,4530,4569,1030.08,1998.63
76,4570,4625,1062.5,1635.73
77,4626,4650,976.879,2992.01
78,4651,4694,788.506,2084.39
79,4695,4746,750.658,2823.18
80,4747,4838,881.217,2160.36
81,4839,4865,987.558,794.689
82,4866,4905,1059.77,799.85
83,4906,5005,1093.26,2992.19
84,5006,5035,929.81,5380.97
85,5036,5115,1022,5853.48
86,5116,5145,1126.04,1017.52
87,5146,5178,988.679,6093.34
88,5179,5248,865.072,4562.84
89,5249,5323,1043.86,2972.37
90,5324,5351,991.911,2958.76
91,5352,5383,1102.78,3166.44
92,5384,5422,1148.84,1599.62
93,5423,5444,1091.64,912.189
94,5445,5499,918.179,8624.31
95,5500,5582,837.266,1777.84
96,5583,5815,944.204,3135.07
97,5816,5843,867.49,846.957
98,5844,5930,680.772,3125.72
99,5931,5983,849.907,5926.82
100,5984,6011,1071.43,1884
101,6012,6122,1015.27,1544.08
102,6123,6167,906.254,3828.39
103,6168,6270,1035.2,1407.23
104,6271,6384,938.982,2125.28
105,6385,6404,854,415.804
106,6405,6426,998.581,1631.32
107,6427,6449,885.716,4237.78
108,6450,6510,1005.51,1799.19
109,6511,6576,964.402,825.017
110,6577,6601,869.606,1287.19
111,6602,6758,965.318,1543.36
112,6759,6864,950.078,1876.48
113,6865,6893,873.73,4498.08
114,6894,6959,810.478,3115.05
115,6960,7025,982.482,3947.7
116,7026,7051,1041.77,878.557
117,7052,7086,1100.45,1698.72
118,7087,7140,1061.78,1891.55
119,7141,7206,1009,1741.31
120,7207,7236,1092.19,1727.49
121,7237,7423,999.185,10469.8
122,7424,7475,942.91,3010.02
123,7476,7536,990.012,1133.48
124,7537,7567,843.055,11908.3
125,7568,7737,937.711,3071.1
126,7738,7812,879.064,1843.2
127,7813,7851,990.827,1664.49
128,7852,7977,945.438,2189.44
129,7978,8040,901.787,629.48
130,8041,8101,852.46,1786.5
131,8102,8194,935.401,1139.98
132,8195,8269,888.959,1333.34
133,8270,8294,949.376,1007.71
134,8295,8481,910.52,965.685
135,8482,8507,871.395,245.273
136,8508,8540,914.064,694.275
137,8541,8575,752.21,5554.51
138,8576,8704,866.462,763.377
139,8705,8724,978.908,2217.22
140,8725,8745,912.202,731.817
141,8746,8778,941.526,359.038
142,8779,8815,824.748,1934.63
143,8816,8862,765.753,1816.1
144,8863,9040,895.542,592.252
145,9041,9065,745.976,2745.88
146,9066,9097,848.856,1466.33
147,9098,9127,933.596,689.223
148,9128,9153,865.986,1917.42
149,9154,9225,738.825,1351.08
150,9226,9336,846.58,1490.44
151,9337,9404,765.38,1618.35
152,9405,9507,871.967,703.97
153,9508,9527,834.767,971.952
154,9528,9851,897.249,1297.87
155,9852,9982,917.798,492.501
156,9983,10048,878.182,568.184
157,10049,10094,821.502,5045.44
158,10095,10115,905.879,759.741
159,10116,10149,821.003,752.33
160,10150,10206,763.597,1260.57
161,10207,10240,842.373,756.382
162,10241,10288,906.577,2649.08
163,10289,10334,863.283,1182.08
164,10335,10422,787.505,2543.74
165,10423,10444,828.481,1589.8
166,10445,10575,873.633,3643.21
167,10576,10621,804.332,1021.22
168,10622,10677,833.148,1035.23
169,10678,10722,930.21,955.51
170,10723,10750,831.195,1999.81
171,10751,10781,891.635,1707.89
172,10782,10958,995.852,1339.31
173,10959,10978,939.064,813.373
174,10979,11093,1030.3,1569.98
175,11094,11170,1000.2,1811.79
176,11171,11488,1021.92,1406.3
177,11489,11523,842.571,5916.46
178,11524,11547,1020.84,3071.09
179,11548,11579,1057.86,416.826
180,11580,11617,969.342,1352.52
181,11618,11665,1018.24,1651.16
182,11666,11723,885.373,2909.09
183,11724,11789,776.084,8079.62
184,11790,11858,949.164,1194.84
185,11859,11883,864.375,1845.68
186,11884,11991,1015.19,1724.81
187,11992,12176,989.021,1866.39
188,12177,12199,1013.93,443.68
189,12200,12223,934.2,276.774
190,12224,12265,1010.05,1066.76
191,12266,12310,951.564,623.087
192,12311,12331,929.688,250.225
193,12332,12367,985.529,1494.87
194,12368,12388,930.06,997.83
195,12389,12526,985.282,1046.12
196,12527,12555,948.546,512.333
197,12556,12585,979.949,537.434
198,12586,12621,849.463,2237.33
199,12622,12705,917.912,1643.08
200,12706,12894,832.215,5840.35
201,12895,12930,1024.31,1418.66
202,12931,13353,992.83,2033.36
203,13354,13397,927.923,2100.01
204,13398,13424,994.503,1186.97
205,13425,13463,940.106,1337.43
206,13464,13528,1003.76,1429.02
207,13529,13550,785.351,5919.96
208,13551,13580,930.47,464.511
209,13581,13634,876.303,1254.65
210,13635,13671,906.864,2212.63
211,13672,13701,1018.26,3527.02
212,13702,13736,904.532,3443.77
213,13737,13768,1027.1,1697.14
214,13769,13806,983.965,1194.1
215,13807,13847,932.738,1339.35
216,13848,13906,1002.38,1088.69
217,13907,13965,964.117,783.184
218,13966,14004,904.279,2475.22
219,14005,14030,996.095,401.601
220,14031,14075,950.522,4644.21
221,14076,14129,846.644,7340.96
222,14130,14167,1024.88,1091.52
223,14168,14187,869.141,1245.6
224,14188,14303,923.021,932.216
225,14304,14331,881.976,1014.26
226,14332,14353,926.848,1183.19
227,14354,14383,796.494,2097.75
228,14384,14408,895.955,1864.29
229,14409,14447,1027.85,1856.15
230,14448,14483,1110.24,1317.59
231,14484,14553,1067.41,787.536
232,14554,14576,910.036,1706.95
233,14577,15178,994.421,2880.85
234,15179,15242,981.569,614.957
235,15243,15295,945.609,1096.2
236,15296,15328,1004.5,820.314
237,15329,15381,975.974,619.38
238,15382,15446,816.228,4131.51
239,15447,15564,991.347,2334.26
240,15565,15834,930.683,5298.01
241,15835,15879,984.203,1929.53
242,15880,15964,1027.85,1695.08
243,15965,15989,968.126,411.612
244,15990,16032,1008.54,955.705
245,16033,16112,967.091,844.748
246,16113,16222,1006.54,1317.57
247,16223,16257,981.185,526.574
248,16258,16290,954.311,1000.01
249,16291,16365,790.418,5586.16
250,16366,17009,1020.53,2061.39
251,17010,17052,952.581,977.706
252,17053,17128,1057.46,1439.96
253,17129,17274,1013.86,1376.24
254,17275,17373,835.67,3172.55
255,17374,17420,953.293,1726.27
256,17421,17447,917.125,1059.61
257,17448,17589,963.799,1647.06
258,17590,17628,906.652,3906.13
259,17629,17695,1050.84,1887.24
260,17696,17717,983.016,692.866
261,17718,17761,1021.66,1586.52
262,17762,17781,762.89,9446.15
263,17782,17868,917.79,2400.26
264,17869,17891,819.295,833.944
265,17892,17915,705.079,1036.23
266,17916,17943,572.824,1501.27
267,17944,17989,586.396,479.451
268,17990,18011,635.098,1226.29
269,18012,18041,802.571,4106.62
270,18042,18085,955.434,796.514
271,18086,18145,807.863,1596.21
272,18146,18232,708.407,3323.11
273,18233,18277,816.113,3541.58
274,18278,18343,695.893,1472.28
275,18344,18381,745.191,4556.43
276,18382,18453,761.669,2944.27
277,18454,18479,736.759,936.885
278,18480,18515,678.31,592.591
279,18516,18539,632.831,579.485
280,18540,18593,664.881,406.451
281,18594,18629,606.156,1753.32
282,18630,18653,650.066,228.102
283,18654,18679,609.498,133.209
284,18680,18701,562.087,1771.6
285,18702,18753,596.946,822.807
286,18754,18779,712.603,613.072
287,18780,18826,822.924,1724.78
288,18827,18860,933.109,2543.97
289,18861,18917,890.695,3702.9
290,18918,18982,962.983,708.199
291,18983,19035,970.796,1537.2
292,19036,19067,1003.66,913.487
293,19068,19092,960.313,518.416
294,19093,19131,985.578,1530.89
295,19132,19173,1057.38,1731.21
296,19174,19243,953.06,1656.98
297,19244,19285,994.607,811.278
298,19286,19311,972.658,489.498
299,19312,19335,1000.33,257.283
300,19336,19373,966.901,681.026
301,19374,19411,1025.91,745.969
302,19412,19464,970.668,1525.65
303,19465,19514,1013.59,2505.67
304,19515,19537,1071.67,780.38
305,19538,19594,994.519,1484.38
306,19595,19619,1032.81,320.449
307,19620,19757,1011.99,913.373
308,19758,19789,969.666,2889.57
309,19790,19834,1038.72,624.111
310,19835,19861,1002.03,913.612
311,19862,19881,930.848,1160.17
312,19882,19954,758.977,7622.27
313,19955,20010,835.08,3446.75
314,20011,20069,860.856,2976.04
315,20070,20563,881.422,2186.77
316,20564,20622,845.68,2866.79
317,20623,20652,964.845,2023.62
318,20653,20785,922.564,7111.5
319,20786,20812,857.951,780.546
320,20813,20867,825.423,1182.78
321,20868,20909,832.913,1810.25
322,20910,20947,879.133,1037.04
323,20948,20982,847.991,949.062
324,20983,21009,828.48,1177.11
325,21010,21032,776.123,817.893
326,21033,21104,809.09,4046.55
327,21105,21141,712.952,1582.14
328,21142,21201,773.974,3267.13
329,21202,21227,737.704,3481.67
330,21228,21266,633.312,4500.32
331,21267,21292,689.554,2510.07
332,21293,21351,751.252,3795.14
333,21352,21371,660.127,4149.88
334,21372,21398,556.464,2187.65
335,21399,21424,639.762,5087.11
336,21425,21456,711.62,2822.2
337,21457,21505,803.792,472.167
338,21506,21542,859.851,2747.38
339,21543,21583,805.652,3561.14
340,21584,21826,731.31,1660.96
341,21827,22130,666.687,2140.39
342,22131,22180,625.738,5446.21
343,22181,22237,649.739,726.434
344,22238,22291,735.128,1148.8
345,22292,22325,696.505,696.071
346,22326,22376,728.488,1621.55
347,22377,22487,792.581,4830.62
348,22488,22548,603.814,1019.78
349,22549,22574,684.192,704.816
350,22575,22601,739.609,3443.24
351,22602,22632,771.261,452.789
352,22633,22666,715.139,407.419
353,22667,22700,788.176,3326.37
354,22701,22798,695.63,2664.11
355,22799,22837,775.995,2468.15
356,22838,22892,734.287,3051.58
357,22893,22925,775.898,2459.64
358,22926,22955,673.858,1679.19
359,22956,22983,565.636,3762.64
360,22984,23011,634.907,1392.82
361,23012,23042,570.072,3185.4
362,23043,23066,614.704,464.741
363,23067,23142,679.368,5362.84
364,23143,23171,736.733,2747.55
365,23172,23191,615.096,1500.64
366,23192,23234,664.353,2563.21
367,23235,23280,752.397,3175.67
368,23281,23325,662.315,1300.11
369,23326,23347,639.865,4337.34
370,23348,23384,578.127,342.477
371,23385,23411,657.47,720.861
372,23412,23432,626.143,697.662
373,23433,23460,614.263,725.491
374,23461,23514,687.302,2716.87
375,23515,23582,579.094,1882.55
376,23583,23673,756.526,1004.04
377,23674,23784,791.362,1124.08
378,23785,24040,684.348,2648.75
379,24041,24072,646.597,2929.03
380,24073,24104,626.128,3764.43
381,24105,24128,683.841,4117.67
382,24129,24192,566.972,2137.03
383,24193,24233,678.121,3402.48
384,24234,24357,736.688,2472.34
385,24358,24440,704.684,1452.46
386,24441,24468,865.468,5588.06
387,24469,24490,818.23,1196.78
388,24491,24526,706.004,3922.48
389,24527,24572,921.707,2030.42
390,24573,24594,799,5546.37
391,24595,24693,707.795,1718.6
392,24694,24727,761.804,2581.23
393,24728,24823,643.099,2654.68
394,24824,24876,603.423,3302.85
395,24877,24958,724.064,2790.15
396,24959,24978,669.287,346.879
397,24979,25000,700.228,1661.39
398,25001,25041,604.921,1448.54
399,25042,25088,529.936,600.38
400,25089,25126,623.82,5610.75
401,25127,25181,660.704,1657.69
402,25182,25210,819.443,2009.41
403,25211,25281,878.259,1420.03
404,25282,25340,825.426,470.752
405,25341,25360,870.07,649.246
406,25361,25384,675.591,2092.99
407,25385,25404,626.827,702.758
408,25405,25452,586.015,792.669
409,25453,25498,637.975,530.479
410,25499,25551,554.015,2170.64
411,25552,25597,675.065,3559.53
412,25598,25632,708.685,3438.74
413,25633,25682,749.518,2287.87
414,25683,25766,714.246,1760.31
415,25767,25851,678.986,1487.03
416,25852,25892,739.093,769.895
417,25893,25919,822.629,1069.59
418,25920,25940,760.028,656.927
419,25941,25983,779.68,448.269
420,25984,26056,739.469,4234.61
421,26057,26178,762.47,813.034
422,26179,26206,785.436,255.377
423,26207,26279,797.101,635.933
424,26280,26312,713.127,1068.79
425,26313,26348,751.955,1054.6
426,26349,26582,767.057,1491.76
427,26583,27769,832.338,1368.24
428,27770,27803,878.908,526.187
429,27804,27847,848.553,588.885
430,27848,27870,806.757,929.479
431,27871,27899,776.968,4804.14
432,27900,27919,727.97,207.244
433,27920,27995,776.199,1766.84
434,27996,28072,823.865,4379.38
435,28073,28119,756.38,1270.87
436,28120,28152,798.77,854.583
437,28153,28181,739.746,892.335
438,28182,28294,813.818,2615.5
439,28295,28319,688.588,2223.16
440,28320,28345,657.847,2363.98
441,28346,28368,707.811,902.288
442,28369,28403,736.05,2313.3
443,28404,28510,675.115,1548.2
444,28511,28546,688.785,997.962
445,28547,28570,725.262,1208.28
446,28571,28591,774.926,473.811
447,28592,28642,889.094,1706.56
448,28643,28832,822.593,2296.67
449,28833,28863,872.23,2061.08
450,28864,28886,810.123,207.691
451,28887,28918,852.573,1620.06
452,28919,28959,982.662,788.902
453,28960,29092,953.009,1679.39
454,29093,29113,935.642,676.895
455,29114,29162,888.757,1992.02
456,29163,29183,968.751,817.895
457,29184,29284,931.966,1480.51
458,29285,29342,858.943,1564.56
459,29343,29438,932.593,2344.12
460,29439,29485,891.467,3174.58
461,29486,29523,948.604,559.612
462,29524,29581,837.247,2305.27
463,29582,29636,946.592,1256.37
464,29637,29703,869.276,2099.64
465,29704,29897,935.713,1825.99
466,29898,29950,961.415,1228.46
467,29951,29984,820.393,2474.8
468,29985,30048,898.334,1647.12
469,30049,30076,821.501,624.832
470,30077,30115,939.906,1121.58
471,30116,30231,888.699,1801.07
472,30232,30275,959.517,1635.99
473,30276,30299,770.185,1517.52
474,30300,30336,869.512,2359.56
475,30337,30451,975.545,1693.45
476,30452,30471,864.064,7146.83
477,30472,30520,914.86,1178.09
478,30521,30540,871.876,1165.4
479,30541,30561,954.242,874.543
480,30562,30621,857.684,2209.85
481,30622,30689,778.19,4860.56
482,30690,30735,819.062,2680.66
483,30736,30868,912.574,2619.62
484,30869,30923,948.865,643.867
485,30924,30954,917.155,3461.12
486,30955,31122,835.575,3775.35
487,31123,31218,758.605,3338.62
488,31219,31285,839.552,2166.32
489,31286,31390,775.104,2538.68
490,31391,31423,801.506,2073.87
491,31424,31545,752.308,1167.33
492,31546,31579,858.457,513.324
493,31580,31673,894.283,490.558
494,31674,31695,813.21,1958.37
495,31696,31729,893.706,909.167
496,31730,31912,860.956,1158.85
497,31913,31968,710.101,1033.6
498,31969,32013,790.023,2372.51
499,32014,32048,742.436,981.656
500,32049,32078,776.043,279.219
501,32079,32111,726.559,1162.43
502,32112,32237,854.168,4952.16
503,32238,32326,805.811,1525.33
504,32327,32351,726.252,2810.05
505,32352,32437,800.186,1310.01
506,32438,32463,746.749,893.676
507,32464,32536,833.54,4587.24
508,32537,32589,741.553,2256.15
509,32590,32616,690.272,592.384
510,32617,32656,733.657,742.502
511,32657,32684,816.686,1747.32
512,32685,32709,729.062,730.995
513,32710,32743,852.483,3039.74
514,32744,32797,749.568,885.415
515,32798,32857,818.838,1241.33
516,32858,32886,754.582,1336.29
517,32887,32916,665.795,2826.98
518,32917,32951,700.481,1060.85
519,32952,33079,731.077,1712.92
520,33080,33105,589.668,5829.34
521,33106,33127,659.173,1143.96
522,33128,33166,617.974,1477.86
523,33167,33194,765.069,1347
524,33195,33234,856.642,383.551
525,33235,33256,745.03,1218.02
526,33257,33298,801.968,3426.95
527,33299,33322,741.65,621.502
528,33323,33358,831.816,1257.26
529,33359,33388,917.189,520.243
530,33389,33814,929.487,831.918
531,33815,33877,897.447,315.98
532,33878,33932,935.654,458.835
533,33933,33968,891.061,502.015
534,33969,34000,944.338,428.241
535,34001,34025,915.626,264.484
536,34026,34059,877.988,743.576
537,34060,34161,908.625,411.89
538,34162,34573,957.348,1001.07
539,34574,34672,767.061,4871.2
540,34673,34709,877.819,3490.22
541,34710,34732,949.391,1797.06
542,34733,34764,987.794,484.105
543,34765,34802,956.622,384.988
544,34803,34824,999.645,1107.21
545,34825,34979,1033.52,1265.07
546,34980,35038,963.984,1224.94
547,35039,35143,1063.16,1680.33
548,35144,35201,999.327,1169.9
549,35202,35242,1036.97,488.347
550,35243,35271,995.421,442.578
551,35272,35306,1017.86,781.097
552,35307,35368,1044.45,604.292
553,35369,35412,982.068,1267.78
554,35413,35488,1024.98,835.01
555,35489,35518,960.369,1192.51
556,35519,35538,993.752,408.609
557,35539,35562,939.455,977.928
558,35563,35713,999.345,1124.08
559,35714,35734,688.6,5121.15
560,35735,35987,762.336,4822.05
561,35988,36200,618.933,5260.43
562,36201,36229,939.658,1564.64
563,36230,36271,1062.5,2024.55
564,36272,36293,937.856,1607.13
565,36294,36344,1042.66,3550.79
566,36345,36364,945.174,775.559
567,36365,36443,790.463,6466.43
568,36444,37187,990.362,857.405
569,37188,37305,951.507,1577.07
570,37306,37471,1000.71,1043.75
571,37472,37518,983.379,577.534
572,37519,37733,1005.13,504.443
573,37734,37753,929.934,460.557
574,37754,37803,977.657,742.416
575,37804,38029,996.445,857.454
576,38030,38103,977.824,664.239
577,38104,38137,910.077,2556.76
578,38138,38191,682.437,1169.49
579,38192,38241,547.658,811.754
580,38242,38278,597.341,198.694
581,38279,38299,698.661,400.203
582,38300,38359,844.793,1776.23
583,38360,38393,877.758,1098.18
584,38394,38413,923.439,466.461
585,38414,38458,863.196,728.605
586,38459,38480,809.306,265.418
587,38481,38501,915.18,862.339
588,38502,38548,871.511,580.67
589,38549,38577,828.127,344.388
590,38578,38630,724.499,976.914
591,38631,38717,591.032,3257.38
592,38718,38742,706.564,3759.26
593,38743,38762,919.532,366.83
594,38763,38799,990.711,552.173
595,38800,38930,1015.03,709.524
596,38931,39371,986.716,1095.69
597,39372,39400,926.725,2037.77
598,39401,39420,696.094,2562.82
599,39421,39463,733.468,593.535
600,39464,39489,664.965,690.055
601,39490,39571,574.378,1410.11
602,39572,39616,725.349,8593.6
603,39617,39709,958.083,1473.84
604,39710,39750,911.015,1287.44
605,39751,39890,936.051,1848.24
606,39891,39928,878.685,1178.26
607,39929,39977,943.719,322.926
608,39978,40004,983.219,510.376
609,40005,40031,889.758,790.325
610,40032,40072,964.559,558.741
611,40073,40126,895.111,648.592
612,40127,40153,929.978,457.691
613,40154,40179,875.003,463.864
614,40180,40268,768.284,3992.7
615,40269,40291,881.455,2006.77
616,40292,40400,805.478,1948.68
617,40401,40576,735.141,2542.56
618,40577,40640,754.101,4912.75
619,40641,40681,934.261,1214.48
620,40682,41081,1016.39,1018.53
621,41082,41149,997.359,1704.62
622,41150,41205,955.079,664.192
623,41206,41276,1008.47,602.929
624,41277,41304,958.708,573.547
625,41305,41424,992.735,996.76
626,41425,41446,940.697,1329.25
627,41447,41483,1027.24,392.054
628,41484,41534,989.431,834.503
629,41535,41566,971.681,499.128
630,41567,41589,1033.29,722.477
631,41590,41614,1000.94,327.146
632,41615,41695,988.235,636.473
633,41696,41767,1009.66,759.065
634,41768,41844,927.254,2774.28
635,41845,41882,985.198,636.061
636,41883,41911,943.428,443.15
637,41912,42143,977.387,1059.47
638,42144,42204,934.748,1796.15
639,42205,42280,972.966,352.272
640,42281,42302,848.368,2985.82
641,42303,42328,959.737,745.513
642,42329,42357,838.296,2998.85
643,42358,42387,913.74,1098.87
644,42388,42408,724.09,874.522
645,42409,42435,840.633,5283.21
646,42436,42477,931.177,935.594
647,42478,42544,990.44,1168.6
648,42545,42567,879.417,2157.46
649,42568,42615,1016.77,337.597
650,42616,42908,980.03,1111.23
651,42909,43080,1030.25,940.594
652,43081,43135,1062.64,609.192
653,43136,43159,1029.3,516.126
654,43160,43340,1050.8,540.927
655,43341,43482,1070.14,511.671
656,43483,43700,1060.67,394.637
657,43701,43916,1045.83,346.082
658,43917,43996,1060.84,387.359
659,43997,44108,1073.38,367.446
660,44109,44143,1057.81,503.348
661,44144,44224,1038.97,559.235
662,44225,44306,1015.91,329.203
663,44307,44399,1006.97,534
664,44400,44625,993.226,372.729
665,44626,44768,1006.39,383.104
666,44769,44819,1018.08,262.43
667,44820,44949,1030.65,395.186
668,44950,45039,1002.08,2434.26
669,45040,45080,1050.5,534.373
670,45081,45100,1027.35,112.411
671,45101,45130,1016.93,231.896
672,45131,45159,779.096,5526.33
673,45160,45243,1037.14,10156.2
674,45244,45309,1007.7,4260.25
675,45310,45365,915.604,6209.96
676,45366,45863,999.295,3295.04
677,45864,46120,969.299,1382.05
678,46121,46143,860.735,2567.12
679,46144,46176,1046.64,928.825
680,46177,46278,970.972,1239.31
681,46279,46328,1038.13,1062.83
682,46329,46368,975.196,512.973
683,46369,46428,924.48,1671.05
684,46429,46486,909.888,437.35
685,46487,46507,841.52,2057.68
686,46508,46592,1010.96,4158.63
687,46593,46631,983.264,5736.54
688,46632,46911,1015.24,2227.04
689,46912,46937,850.362,5506.37
690,46938,46977,1044.34,1203.22
691,46978,47121,1076.03,2385.06
692,47122,47161,901.368,8879.09
693,47162,47203,1086.68,1756.03
694,47204,47281,1042.14,1916.51
695,47282,47302,911.831,2796.24
696,47303,47670,1050.04,1490.56
697,47671,47737,1002.22,8350.37
698,47738,47801,1056.15,1342.58
699,47802,47834,1016.34,485.885
700,47835,47888,792.892,5765.58
701,47889,47911,942.936,1883.42
702,47912,47946,989.063,546.455
703,47947,47986,921.096,2506.54
704,47987,48017,1026.72,414.078
705,48018,48214,1009.72,1563.97
706,48215,48249,943.975,3545.4
707,48250,48295,1019.19,943.181
708,48296,48456,981.902,1800.09
709,48457,48491,975,200.347
710,48492,48521,950.783,1393.93
711,48522,48544,840.694,1629.8
712,48545,48575,1007.06,416.492
713,48576,48620,939.758,6673.99
714,48621,48746,971.975,1405.54
715,48747,48844,958.866,268.736
716,48845,48880,987.848,441.002
717,48881,48952,1004.12,484.791
718,48953,49128,987.306,373.622
719,49129,49165,963.894,187.711
720,49166,49210,782.454,3829.93
721,49211,49230,940.626,1293.95
722,49231,49268,876.028,2277
723,49269,49313,914.063,285.747
724,49314,49356,926.964,168.23
725,49357,49380,914.064,339.667
726,49381,49400,829.688,1918.51
727,49401,49463,942.09,223.736
728,49464,49494,924.144,285.624
729,49495,49617,969.63,1187.34
730,49618,49697,946.29,216.906
731,49698,49725,793.328,2218.35
732,49726,49764,955.329,1059.93
733,49765,50072,924.895,451.103
734,50073,50145,938.572,961.833
735,50146,50269,956.465,498.374
736,50270,50341,925.782,226.93
737,50342,50402,913.423,181.673
738,50403,50477,901.876,166.984
739,50478,50505,886.163,87.8621
740,50506,50597,895.212,122.263
741,50598,50704,905.886,264.144
742,50705,50783,921.382,542.046
743,50784,50803,937.109,80.1218
744,50804,50896,959.091,222.123
745,50897,50942,936.312,203.366
746,50943,50986,908.026,121.673
747,50987,51035,893.974,223.771
748,51036,51209,871.634,123.704
749,51210,51244,889.733,171.519
750,51245,51265,860.864,138.056
751,51266,51361,874.594,220.196
752,51362,51396,888.617,126.908
753,51397,51459,901.415,132.747
754,51460,51481,891.692,54.0579
755,51482,51591,917.473,130.519
756,51592,51691,937.267,487.612
757,51692,51820,953.793,263.247
758,51821,51905,851.959,5018.04
759,51906,51943,705.813,2430.48
760,51944,52001,920.988,8940.61
761,52002,52034,967.568,1575.94
762,52035,52076,944.011,675.672
763,52077,52117,817.647,1585.76
764,52118,52205,925.516,2928.23
765,52206,52229,843.751,2531.66
766,52230,52252,946.672,242.243
767,52253,52495,897.121,588.172
768,52496,52626,877.029,729.232
769,52627,52651,852.189,442.109
770,52652,52684,926.374,408.345
771,52685,52742,881.197,785.456
772,52743,52787,746.233,3624.67
773,52788,52808,1027.9,534.524
774,52809,52845,966.64,883.828
775,52846,52867,943.538,505.362
776,52868,52904,1004.68,2538.36
777,52905,52927,974.526,189.853
778,52928,53063,937.903,464.162
779,53064,53093,903.648,359.192
780,53094,53128,935.046,900.353
781,53129,53156,775.113,1077.61
782,53157,53177,870.165,5208.94
783,53178,53238,955.688,491.808
784,53239,53274,917.32,301.281
785,53275,53313,787.538,6995.92
786,53314,53493,939.975,3549.93
787,53494,53686,968.508,525.734
788,53687,54252,937.321,1406.58
789,54253,54321,924.694,732.611
790,54322,54443,938.014,1744.01
791,54444,54545,922.106,364.344
792,54546,54767,904.069,916.529
793,54768,54788,750.076,882.923
794,54789,54820,673.896,3477.35
795,54821,54842,1004.62,387.439
796,54843,54879,941.513,551.405
797,54880,54949,914.845,350.56
798,54950,54985,903.864,149.351
799,54986,55129,934.246,306.886
800,55130,55166,792.02,2418.85
801,55167,55238,909.289,8970.51
802,55239,55260,995.03,427.517
803,55261,55298,951.071,345.365
804,55299,55371,966.076,349.61
805,55372,55395,809.246,3162.72
806,55396,55440,1012.85,657.921
807,55441,55484,968.574,342.055
808,55485,55509,759.064,2531.28
809,55510,55552,928.599,7921.78
810,55553,55582,1012.5,958.004
811,55583,55629,811.248,6758.84
812,55630,56229,941.349,2625.86
813,56230,56747,905.452,2339.12
814,56748,56901,930.044,2351.56
815,56902,56936,975.223,288.941
816,56937,56996,942.058,426.822
817,56997,57021,963.751,192.679
818,57022,57042,926.34,357.48
819,57043,57068,767.43,782.793
820,57069,57186,937.369,2167
821,57187,57224,893.711,3060.18
822,57225,57415,944.332,2299.07
823,57416,57708,963.445,1907.55
824,57709,58056,993.468,975.108
825,58057,58078,861.507,3500.35
826,58079,58779,975.304,3271.76
827,58780,58828,768.496,4210.65
828,58829,58856,1039.62,6672.81
829,58857,58911,973.297,2537.88
830,58912,58947,930.991,2655.87
831,58948,59028,1001.93,740.864
832,59029,59065,917.442,2327.97
833,59066,59251,1001.6,1837.73
834,59252,59306,948.723,1986.49
835,59307,59357,993.261,195.334
836,59358,59381,981.121,233.091
837,59382,59404,878.059,3510.96
838,59405,59451,1016.79,543.953
839,59452,59488,938.978,952.26
840,59489,59726,964.615,2606.02
841,59727,59762,761.72,5613.48
842,59763,59806,1036.58,598.327
843,59807,59892,975.292,2017.58
844,59893,59918,881.611,3856.01
845,59919,59953,985.492,467.242
846,59954,59979,892.128,4580.15
847,59980,60027,961.102,2679.07
848,60028,60117,954.341,371.596
849,60118,60147,981.772,325.55
850,60148,60172,950.001,122.091
851,60173,60210,880.347,4154.02
852,60211,60246,992.623,257.908
853,60247,60312,921.876,4420.75
854,60313,60340,976.564,366.214
855,60341,60375,786.983,4177.61
856,60376,60416,1063.26,1311.66
857,60417,60521,987.427,1290.55
858,60522,61412,995.443,5202.24
859,61413,61506,882.315,5759.34
860,61507,61526,994.534,148.397
861,61527,61672,934.451,1190.69
862,61673,61723,915.902,1544.45
863,61724,61825,957.721,960.042
864,61826,61922,696.106,3607.07
865,61923,61945,751.752,1049.36
866,61946,61984,973.76,1251.21
867,61985,62037,1015.63,1734.83
868,62038,62070,988.164,935.067
869,62071,62150,1028.25,1106.67
870,62151,62189,1000.2,1296.1
871,62190,62217,1044.37,199.168
872,62218,62277,1022.14,250.702
873,62278,62371,1009.82,529.02
874,62372,62392,1028.65,136.269
875,62393,62414,883.169,7199.06
876,62415,62452,1068.26,299.164
877,62453,62474,961.649,6155.09
878,62475,62690,1037.47,3172.96
879,62691,62762,1015.95,1969.34
880,62763,62808,1001.36,190.713
881,62809,62848,823.576,3804.41
882,62849,62946,987.485,1031.59
883,62947,62968,971.237,159.206
884,62969,63015,929.019,1507.71
885,63016,63116,970.144,1284.64
886,63117,63158,940.291,2360.57
887,63159,63199,990.855,469.665
888,63200,63319,948.113,6142.31
889,63320,63346,1009.26,328.828
890,63347,63372,916.167,1858.23
891,63373,63401,801.772,8781.73
892,63402,63428,1092.3,911.05
893,63429,63585,1012.34,2547.93
894,63586,63635,1050.31,546
895,63636,63664,814.387,4706.96
896,63665,63696,1091.31,986.215
897,63697,63725,896.552,5870.91
898,63726,63991,1038.42,1827.69
899,63992,64027,1082.9,391.563
900,64028,64073,1064.88,455.385
901,64074,64112,819.568,6917.12
902,64113,64183,1099.8,936.817
903,64184,64266,996.518,7102.86
904,64267,64307,1076.98,706.665
905,64308,64366,1055.35,562.56
906,64367,64404,809.624,11535.3
907,64405,64433,1084.86,2828.21
908,64434,64559,1033.05,2321.42
909,64560,64580,1029.02,159.565
910,64581,64608,904.02,5017.68
911,64609,64884,1050.67,2519.26
912,64885,64910,1094.95,301.251
913,64911,65528,1071.35,822.451
914,65529,65791,1063.62,543.368
915,65792,65847,1044.78,309.595
916,65848,65881,1084.56,1388.88
917,65882,65984,1052.87,370.042
918,65985,66017,1036.22,243.442
919,66018,66444,1053.43,419.777
920,66445,66478,1037.23,292.457
921,66479,66550,1051.87,440.684
922,66551,66570,1030.47,352.759
923,66571,66855,1019.24,9020.06
924,66856,66902,1097.24,636.407
925,66903,66945,1071.4,536.496
926,66946,66965,1032.42,1267.38
927,66966,66995,1097.4,318.806
928,66996,67032,1061.02,321.59
929,67033,67064,1079.59,1726.44
930,67065,67519,1054.02,849.211
931,67520,67549,846.616,4287.21
932,67550,67571,1150.92,1809.99
933,67572,67642,1068,448.859
934,67643,67998,1090.77,898.805
935,67999,68057,1058.53,339.636
936,68058,68214,1073.65,431.314
937,68215,68260,1056.73,394.524
938,68261,68294,875,13579.7
939,68295,68334,1140.63,1877.97
940,68335,68376,1095.98,483.221
941,68377,68411,951.118,5505.11
942,68412,68706,1122.51,911.107
943,68707,68729,1001.36,11539.2
944,68730,68751,866.479,10666.4
945,68752,68771,1208.99,1759.58
946,68772,68800,1168.37,599.823
947,68801,69091,1122.93,3123.02
948,69092,69287,1119.36,662.335
949,69288,69319,904.22,8854.06
950,69320,69341,1144.18,2933.92
951,69342,69383,1104.54,815.672
952,69384,69405,1083.81,535.824
953,69406,69676,1106.84,2520.4
954,69677,69935,1101.68,543.15
955,69936,69977,883.015,15793
956,69978,70004,1017.36,1555.59
957,70005,70175,1040.53,788.423
958,70176,70214,987.782,1631.21
959,70215,70241,1074.36,485.293
960,70242,70264,1046.2,360.177
961,70265,70302,963.201,6667.43
962,70303,70324,1113.99,509.563
963,70325,70437,1057.94,744.113
964,70438,70459,1036.93,483.526
965,70460,70652,1079.22,507.744
966,70653,70676,1109.38,323.782
967,70677,70716,1068.17,266.033
968,70717,70863,1104.06,471.566
969,70864,70898,1092.41,285.393
970,70899,70932,1062.27,2517.13
971,70933,70956,1118.49,348.505
972,70957,70981,1089.69,560.08
973,70982,71182,1119.79,903.517
974,71183,71220,937.913,6928.09
975,71221,71245,1193.13,3898.66
976,71246,71386,1102.23,1260.36
977,71387,71770,1113.4,911.856
978,71771,71842,1093.86,628.395
979,71843,71889,1030.59,4335.64
980,71890,72123,1098.36,1528.44
981,72124,72556,1115.11,994.704
982,72557,72595,1095.15,497.512
983,72596,72718,1140.93,1206.13
984,72719,72778,1051.82,496.485
985,72779,72811,799.717,7090.69
986,72812,72852,1181.97,1865.37
987,72853,72886,1125.23,634.351
988,72887,72917,1007.31,3018.95
989,72918,73148,1062.13,1315.3
990,73149,73181,980.352,1335.63
991,73182,73210,865.689,10437.1
992,73211,73241,1173.89,829.93
993,73242,73263,1129.62,259.603
994,73264,73307,1105.47,1369.76
995,73308,73400,1030.74,2826.44
996,73401,73426,1048.98,17214.5
997,73427,73455,1154.9,963.815
998,73456,73555,1115.47,4729.43
999,73556,73580,842.814,3460.24
1000,73581,73606,1093.94,5161.52
1001,73607,73700,1046.49,2487.38
1002,73701,73763,1113.1,783.269
1003,73764,73791,1064.17,1037
1004,73792,73821,1097.14,865.825
1005,73822,74010,1112.03,796.2
1006,74011,74031,1082.96,619.308
1007,74032,74059,826.07,3668.8
1008,74060,74086,1100.41,1519.84
1009,74087,74112,1047.78,553.369
1010,74113,74147,1008.04,655.18
1011,74148,74254,1049.65,1034.45
1012,74255,74300,1083.22,399.329
1013,74301,74394,1056.93,508.778
1014,74395,74415,1079.24,782.938
1015,74416,74587,1076.22,1836.64
1016,74588,74642,1038.07,1449.14
1017,74643,74674,817.628,6456.36
1018,74675,74747,1095.25,886.139
1019,74748,74780,1070.55,978.428
1020,74781,74881,1041.31,1268.74
1021,74882,74953,1016.39,708.622
1022,74954,75005,874.287,10115.8
1023,75006,75040,1093.97,2507.78
1024,75041,75154,1053.25,1064.66
1025,75155,75174,1012.89,740.594
1026,75175,75202,1044.64,333.891
1027,75203,75513,1060.52,1760.11
1028,75514,75542,884.68,13071.8
1029,75543,75567,1110.63,603.626
1030,75568,75655,1084.07,917.623
1031,75656,75683,1065.01,262.452
1032,75684,75786,1093.6,775.469
1033,75787,75883,1059.4,2567.6
1034,75884,75930,777.8,11932.9
1035,75931,76077,718.116,2187.17
1036,76078,76166,769.314,1591.93
1037,76167,76198,677.54,697.465
1038,76199,76228,762.158,3001.07
1039,76229,76260,670.609,3217.53
1040,76261,76291,667.437,324.637
1041,76292,76375,728.435,3417.26
1042,76376,76398,771.813,713.694
1043,76399,76448,702.574,2274.27
1044,76449,76470,659.802,161.155
1045,76471,76520,616.528,883.954
1046,76521,76553,627.425,5282.1
1047,76554,76579,707.934,630.237
1048,76580,76604,621.292,410.329
1049,76605,76630,644.985,1458.42
1050,76631,76654,567.708,73.0101
1051,76655,76677,555.334,633.823
1052,76678,76757,516.478,397.148
1053,76758,76813,619.225,988.87
1054,76814,76849,649.69,2134.47
1055,76850,76975,732.835,1893.06
1056,76976,77016,693.98,210.279
1057,77017,77039,666.781,203.149
1058,77040,77086,722.446,1135.68
1059,77087,77133,570.829,2215.29
1060,77134,77177,655.304,1564.33
1061,77178,77210,696.231,854.077
1062,77211,77243,613.874,259.511
1063,77244,77323,681.322,6284.39
1064,77324,77375,561.244,3709.15
1065,77376,77414,753.523,1277.3
1066,77415,77451,854.942,642.71
1067,77452,77503,926.233,283.414
1068,77504,77529,854.591,689.206
1069,77530,77612,906.157,426.506
1070,77613,77645,934.187,274.778
1071,77646,77683,903.578,188.963
1072,77684,77815,925.486,789.642
1073,77816,77840,916.876,223.19
1074,77841,77874,877.299,738.099
1075,77875,77895,924.109,147.354
1076,77896,77960,934.016,299.505
1077,77961,78009,897.164,181.446
1078,78010,78032,916.781,253.072
1079,78033,78057,865.935,794.062
1080,78058,78091,948.071,565.527
1081,78092,78136,892.883,362.402
1082,78137,78163,914.932,161.199
1083,78164,78223,947.007,372.609
1084,78224,78248,911.117,715.137
1085,78249,78284,854.386,394.648
1086,78285,78309,810.313,465.548
1087,78310,78354,887.854,649.687
1088,78355,78383,922.954,264.725
1089,78384,78415,908.119,327.161
1090,78416,78437,863.977,1036.05
1091,78438,78469,792.242,5969.62
1092,78470,78490,829.568,2477.38
1093,78491,78510,778.882,2871.8
1094,78511,78545,740.09,2418.37
1095,78546,78584,658.655,353.83
1096,78585,78628,627.045,340.839
1097,78629,78678,664.918,738.517
1098,78679,78714,532.987,1744.26
1099,78715,78797,448.329,1255.04
1100,78798,78861,442.505,111.158
1101,78862,78890,470.04,1249.03
1102,78891,78912,510.814,2699.74
1103,78913,78942,640.423,2365.99
1104,78943,78982,596.208,420.197
1105,78983,79008,627.927,406.869
1106,79009,79034,683.122,2151.24
1107,79035,79056,884.601,3279.74
1108,79057,79116,661.484,2904.32
1109,79117,79222,704.57,2598.32
1110,79223,79252,659.368,448.97
1111,79253,79293,688.582,946.854
1112,79294,79324,722.747,1500.22
1113,79325,79347,759.508,1027.8
1114,79348,79446,690.409,465.541
1115,79447,79469,672.217,185.777
1116,79470,79569,710.746,453.669
1117,79570,79591,683.595,97.3405
1118,79592,79647,700.939,700.001
1119,79648,79689,725.492,1032.3
1120,79690,79737,819.337,918.403
1121,79738,79759,921.521,479.418
1122,79760,79826,893.891,1638.97
1123,79827,79899,748.044,4831.99
1124,79900,79956,855.96,2166.39
1125,79957,79989,830.257,359.61
1126,79990,80009,785.72,749.397
1127,80010,80195,839.446,977.828
1128,80196,80225,741.514,3312.28
1129,80226,80271,898.099,1722.37
1130,80272,80335,861.086,1060.75
1131,80336,80410,879.376,272.582
1132,80411,80452,857.144,578.473
1133,80453,80493,889.674,275.242
1134,80494,80521,846.542,321.977
1135,80522,80547,771.938,494.161
1136,80548,80567,714.366,1005.13
1137,80568,80607,771.855,2810.06
1138,80608,80649,881.14,1853.48
1139,80650,80670,676.712,1895.03
1140,80671,80707,786.53,936.045
1141,80708,80735,725.801,406.954
1142,80736,80837,679.315,1691.66
1143,80838,80945,749.096,596.137
1144,80946,81033,803.623,868.777
1145,81034,81081,775.794,379.505
1146,81082,81139,807.248,199.987
1147,81140,81264,763.348,1227.76
1148,81265,81341,740.607,544.652
1149,81342,81366,779.688,172.895
1150,81367,81395,834.323,524.808
1151,81396,81458,857.99,1298.14
1152,81459,81510,786.446,2791.06
1153,81511,81540,693.238,425.757
1154,81541,81565,737.814,280.152
1155,81566,81585,699.838,572.316
1156,81586,81613,654.526,1384.09
1157,81614,81646,706.289,1651.24
1158,81647,81671,666.251,104.387
1159,81672,81749,639.219,1015.43
1160,81750,81774,685.918,377.092
1161,81775,81797,721.664,1487.06
1162,81798,81848,621.531,2248.07
1163,81849,81869,661.46,172.926
1164,81870,81923,678.852,316.761
1165,81924,81952,704.427,654.69
1166,81953,81975,649.954,213.535
1167,81976,82050,664.16,643.072
1168,82051,82073,672.217,108.096
1169,82074,82111,679.713,518.559
1170,82112,82149,605.081,661.643
1171,82150,82202,623.146,757.41
1172,82203,82237,665.18,305.667
1173,82238,82258,696.802,138.07
1174,82259,82346,718.461,908.479
1175,82347,82383,675.785,3152.7
1176,82384,82439,651.122,2599.23
1177,82440,82500,664.861,737.674
1178,82501,82566,720.475,1024.75
1179,82567,82673,776.144,3287.23
1180,82674,82713,749.416,430.011
1181,82714,82761,709.051,527.942
1182,82762,82825,674.439,1308.02
1183,82826,82868,722.514,492.268
1184,82869,82931,706.91,391.29
1185,82932,82962,677.501,487.97
1186,82963,83011,654.306,262.407
1187,83012,83032,716.601,131.665
1188,83033,83070,682.236,1211.79
1189,83071,83180,740.627,736.655
1190,83181,83201,704.626,289.705
1191,83202,83238,675.219,268.236
1192,83239,83266,661.245,340.11
1193,83267,83315,734.345,1522.52
1194,83316,83337,672.586,231.992
1195,83338,83396,729.874,457.144
1196,83397,83459,801.588,1914.8
1197,83460,83506,749.835,1198.11
1198,83507,83547,822.533,2094.98
1199,83548,83590,734.844,1127.5
1200,83591,83763,721.98,890.244
1201,83764,83795,819.581,414.881
1202,83796,83887,795.108,875.549
1203,83888,83914,765.337,438.926
1204,83915,83948,721.958,455.566
1205,83949,84006,743.029,402.311
1206,84007,84044,722.594,448.836
1207,84045,84085,782.29,624.626
1208,84086,84155,808.246,2547.59
1209,84156,84294,799.723,1588.27
1210,84295,84319,865.626,2843.39
1211,84320,84344,754.064,850.012
1212,84345,84379,813.617,420.59
1213,84380,84431,852.162,1723.59
1214,84432,84468,792.761,998.644
1215,84469,84559,760.496,2971.24
1216,84560,84610,817.113,935.849
1217,84611,84664,737.515,327.809
1218,84665,84684,696.486,348.716
1219,84685,84718,765.166,317.91
1220,84719,84797,835.508,1887.06
1221,84798,84852,717.076,675.92
1222,84853,84876,761.069,413.566
1223,84877,84918,710.99,2318.61
1224,84919,84957,715.513,355.901
1225,84958,84990,752.963,2338.69
1226,84991,85022,784.424,570.408
1227,85023,85089,703.703,762.474
1228,85090,85110,752.452,395.497
1229,85111,85158,902.868,3756.55
1230,85159,85259,813.097,1014.05
1231,85260,85292,732.719,365.262
1232,85293,85316,821.29,495.228
1233,85317,85343,900.464,1622.56
1234,85344,85416,810.002,695.368
1235,85417,85448,781.812,355.553
1236,85449,85488,804.884,655.739
1237,85489,85603,832.277,1751.98
1238,85604,85630,765.915,166.602
1239,85631,85712,791.208,716.481
1240,85713,85756,848.901,394.443
1241,85757,85777,816.967,565.012
1242,85778,85849,889.758,594.111
1243,85850,85906,842.791,3361.39
1244,85907,85944,817.436,648.035
1245,85945,86012,760.227,2629.47
1246,86013,86033,706.103,88.3687
1247,86034,86071,664.777,2720.94
1248,86072,86106,727.297,793.078
1249,86107,86128,832.779,2379.14
1250,86129,86196,962.892,1478.28
1251,86197,86247,845.622,2751.98
1252,86248,86303,818.264,480.226
1253,86304,86338,792.189,625.433
1254,86339,86364,832.333,523.564
1255,86365,86405,865.665,177.679
1256,86406,86432,812.114,392.963
1257,86433,86454,867.647,1410.51
1258,86455,86483,816.019,1550.08
1259,86484,86540,784.325,634.044
1260,86541,86569,873.654,811.147
1261,86570,86592,810.803,776.593
1262,86593,86613,857.516,1342.15
1263,86614,86635,796.62,395.251
1264,86636,86675,833.175,280.049
1265,86676,86709,777.754,2332.83
1266,86710,86752,824.492,434.092
1267,86753,86777,798.751,357.482
1268,86778,86905,912.294,949.866
1269,86906,86950,738.896,2002.27
1270,86951,87009,690.831,809.235
1271,87010,87036,711.807,231.612
1272,87037,87234,787.087,1578.06
1273,87235,87274,847.658,456.949
1274,87275,87296,799.008,297.48
1275,87297,87351,832.265,740.753
1276,87352,87407,772.342,2418.63
1277,87408,87443,809.867,1154.14
1278,87444,87478,787.503,178.798
1279,87479,87519,835.368,2033.63
1280,87520,87557,951.759,5474.37
1281,87558,87590,690.816,2048.73
1282,87591,87615,807.188,171.481
1283,87616,87635,880.86,538.871
1284,87636,87727,926.717,856.961
1285,87728,87777,883.752,1558.64
1286,87778,87809,807.132,2313.16
1287,87810,87841,931.642,574.878
1288,87842,87881,952.54,461.32
1289,87882,88301,873.528,6813.54
1290,88302,88355,991.755,1958.69
1291,88356,88383,856.622,2446.59
1292,88384,88404,900.146,364.212
1293,88405,88500,833.093,829.888
1294,88501,88535,795.9,1107.37
1295,88536,88566,830.647,502.021
1296,88567,88589,874.32,1525.39
1297,88590,88610,817.338,1315.13
1298,88611,88673,867.933,521.187
1299,88674,88709,914.664,1267.85
1300,88710,88754,866.474,1166.44
1301,88755,88793,838.944,2475.53
1302,88794,88826,875.646,1792.05
1303,88827,88858,815.675,1397.38
1304,88859,88882,779.298,240.146
1305,88883,88923,853.468,1790.69
1306,88924,89015,773.119,1562.6
1307,89016,89090,753.647,704.925
1308,89091,89150,789.454,762.263
1309,89151,89193,844.842,990.52
1310,89194,89229,779.732,1189.12
1311,89230,89270,799.057,1509.35
1312,89271,89297,848.533,1901.85
1313,89298,89402,772.01,1815.6
1314,89403,89664,847.487,1829.74
1315,89665,89688,787.436,307.717
1316,89689,89764,828.158,1384.15
1317,89765,89804,742.064,2205.83
1318,89805,89880,621.962,5399.73
